{
    "H": 0.4699132076466094,
    "lambda": 0.0,
    "\u0394h": 0.5107915822374799,
    "alpha_core": 10.542264589426193,
    "alpha_ft": 3.2997263936034806
}