{
    "H": 0.5416571625370434,
    "lambda": 0.0,
    "alpha_core": 0.637653683458784,
    "alpha_ft": 3.2997263936034806
}